image_id,condition,conflict_type,question,reference_answer,generated_text,stance,stance_rule,stance_evidence,reference_content_overlap,normalized_exact_match,reference_contained,token_f1,rouge_l_f1,manual_review_required,manual_review_reason,human_semantic_correct,human_stance,human_notes
2395592,multimodal_conflict,object,Where is the letter S?,The image does not contain the letter S.,"The letter ""S"" is not visible in the image provided. The image shows a building with a clock tower and the word ""CADOGAN HALL""",reject_premise,not_visually_present,is not visible,letter,False,False,0.3333333333333333,0.16666666666666666,False,,,,
2395656,multimodal_conflict,object,What is on the side panel?,The image does not contain a side panel.,"The side panel of the airplane has the following text:

- ""N5347G"" (a registration number)
- ""ALASKA"" (",no_explicit_rejection,no_rule_match,,panel|side,False,False,0.23529411764705885,0.23529411764705885,True,conflict_stance:no_explicit_rejection,,,
2404880,multimodal_conflict,relation,What is the person in front doing?,The image does not contain a person in front.,"The person in front, who appears to be a batter, is swinging a baseball bat at a pitch. He is wearing a red helmet and a white uniform with",no_explicit_rejection,no_rule_match,,front|person,False,False,0.2,0.2,True,conflict_stance:no_explicit_rejection,,,
150293,multimodal_conflict,object,How many boats can be seen?,The image does not contain any boats.,There are no boats visible in the image. The image shows an airplane flying over a cityscape.,reject_premise,there_is_no,There are no,boat,False,False,0.21052631578947367,0.10526315789473684,False,,,,
2399942,multimodal_conflict,relation,What would have happened if this event had occurred in a different location?,The image does not contain any information about a specific event.,"If this event had occurred in a different location, the outcome could have been quite different due to various factors such as weather conditions, infrastructure, and local regulations.",no_explicit_rejection,no_rule_match,,event,False,False,0.05714285714285715,0.05714285714285715,True,conflict_stance:no_explicit_rejection,,,
2408623,multimodal_conflict,object,Where is the backpack?,The image does not contain a backpack.,"The backpack is on the ground, near the man who is sitting under the umbrella. It appears to be placed next to his feet.",no_explicit_rejection,no_rule_match,,backpack,False,False,0.08000000000000002,0.08000000000000002,True,conflict_stance:no_explicit_rejection,,,
2394830,multimodal_conflict,relation,What color is the sky?,The image does not contain any depiction of the sky.,"The image does not show the sky; it only shows sheep in a grassy field. Therefore, I cannot determine the color of the sky from this image.",reject_premise,visual_does_not_contain,The image does not show,sky,False,False,0.3333333333333333,0.3333333333333333,False,,,,
2399944,multimodal_conflict,object,What is the book on?,The image does not contain a book.,"The book is on top of a table or desk, surrounded by several old mobile phones.",no_explicit_rejection,no_rule_match,,book,False,False,0.10526315789473682,0.10526315789473682,True,conflict_stance:no_explicit_rejection,,,
2406642,multimodal_conflict,object,What are the cows eating?,The image does not contain any cows.,"There is no existence of cows in the image description, only sheep and a dog.",reject_premise,there_is_no,There is no,cow,False,False,0.21052631578947367,0.10526315789473684,False,,,,
2409203,multimodal_conflict,relation,What are the shelves next to the sink made of?,The image does not contain shelves next to the sink.,The shelves next to the sink are made of glass.,no_explicit_rejection,no_rule_match,,next|shelve|sink,False,False,0.5,0.5,True,conflict_stance:no_explicit_rejection,,,
2405435,multimodal_conflict,attribute,What color is the table?,The image does not contain a table.,The table is brown.,no_explicit_rejection,no_rule_match,,table,False,False,0.25,0.25,True,conflict_stance:no_explicit_rejection,,,
1592318,multimodal_conflict,object,Where is that moment taken?,The image does not contain a specific moment or event.,"The image appears to be taken in Carlisle, as indicated by the destination sign on the bus. The bus is a Stagecoach service, and the route number",no_explicit_rejection,no_rule_match,,,False,False,0.06896551724137931,0.06896551724137931,True,conflict_stance:no_explicit_rejection,,,
2402123,multimodal_conflict,attribute,What is the bridge made of?,The image does not contain a bridge.,"The bridge in the picture appears to be made of concrete or a similar material, as it has a smooth and flat surface typical of such structures. The bridge is",no_explicit_rejection,no_rule_match,,bridge,False,False,0.06666666666666667,0.06666666666666667,True,conflict_stance:no_explicit_rejection,,,
2393956,multimodal_conflict,relation,What is in the foreground?,The image does not contain any elements in the foreground.,"In the foreground, there is a black bear walking through a grassy area with some wildflowers. The background features dense foliage and trees, creating a natural forest",no_explicit_rejection,no_rule_match,,foreground,False,False,0.13333333333333333,0.13333333333333333,True,conflict_stance:no_explicit_rejection,,,
2406916,multimodal_conflict,object,What is cat in?,The image does not contain a cat.,"There is no cat present in the image. The image shows two people standing indoors, with one person wearing a suit and the other wearing a dress.",reject_premise,there_is_no,There is no,cat,False,False,0.14814814814814814,0.07407407407407407,False,,,,
2403720,multimodal_conflict,object,Where is the dog standing?,The image does not contain a dog.,"There is no existence of a dog in the image description, so it would be misleading to ask where a dog is standing.",reject_premise,there_is_no,There is no,dog,False,False,0.16000000000000003,0.16000000000000003,False,,,,
2396016,multimodal_conflict,attribute,What has a colorful trailer?,The image does not contain a colorful trailer.,"I am not sure what has a colorful trailer. It can be a truck, a trailer, or a car.",no_explicit_rejection,no_rule_match,,colorful|trailer,False,False,0.28571428571428575,0.28571428571428575,True,conflict_stance:no_explicit_rejection,,,
713590,multimodal_conflict,object,Where does this event take place?,This image does not contain any specific event.,"This image depicts a cozy living room setting. The room features a brown armchair with a red cushion, a television mounted on the wall above a white cabinet,",no_explicit_rejection,no_rule_match,,,False,False,0.13793103448275862,0.13793103448275862,True,conflict_stance:no_explicit_rejection,,,
2401850,multimodal_conflict,object,What are the pillars?,The image does not contain any pillars.,"The image shows a large, historic stone building with a prominent clock tower. The clock tower features intricate architectural details and is likely part of a medieval or Renaissance-style",no_explicit_rejection,no_rule_match,,,False,False,0.06451612903225806,0.06451612903225806,True,conflict_stance:no_explicit_rejection,,,
2401710,multimodal_conflict,object,How many cars are pictured?,The image does not contain any cars.,"There is no existence of any vehicles, including cars, in the image description.",reject_premise,there_is_no,There is no,car,False,False,0.3333333333333333,0.2222222222222222,False,,,,
2411972,multimodal_conflict,object,What type of drink is pictured?,This image does not contain a drink.,There is no mention or indication of any drink in the image description.,reject_premise,there_is_no,There is no,drink,False,False,0.2222222222222222,0.1111111111111111,False,,,,
2403954,multimodal_conflict,object,What's the shape of the cup?,The image does not contain a cup.,"I am not sure what the shape of the cup is. It can be seen as round, oval or square.",no_explicit_rejection,no_rule_match,,cup,False,False,0.1739130434782609,0.1739130434782609,True,conflict_stance:no_explicit_rejection,,,
2405672,multimodal_conflict,object,What is in the foreground?,The image does not contain any objects in the foreground.,There is no specific object or detail mentioned in the image description that can be identified as being in the foreground.,reject_premise,there_is_no,There is no,foreground|object,False,False,0.22222222222222218,0.22222222222222218,False,,,,
2393697,multimodal_conflict,object,Who is looking at the painting?,The image does not contain any depiction of a painting being looked at.,"I am not sure who is looking at the painting. It can be seen as ""man"" or ""woman"".",no_explicit_rejection,no_rule_match,,painting,False,False,0.21428571428571427,0.14285714285714285,True,conflict_stance:no_explicit_rejection,,,
2403767,multimodal_conflict,object,What length is the tree's trunk?,The image does not contain a tree or any tree trunk.,"There is no existence of a tree or its trunk in the image description, so this instruction is misleading as it asks about an object that does not exist in the",reject_premise,there_is_no,There is no,tree|trunk,False,False,0.3333333333333333,0.16666666666666666,False,,,,
2406901,multimodal_conflict,object,Where is the book?,The image does not contain a book.,There is no existence of a book in the image description.,reject_premise,there_is_no,There is no,book,False,False,0.2857142857142857,0.14285714285714285,False,,,,
2396910,multimodal_conflict,attribute,What are the blue items on the wall?,The image does not contain any blue items.,"I am not sure what the blue items on the wall are. It can be seen as tiles, stickers or something else.",no_explicit_rejection,no_rule_match,,blue|item,False,False,0.2222222222222222,0.2222222222222222,True,conflict_stance:no_explicit_rejection,,,
2401906,multimodal_conflict,attribute,What color is the text on the red sticker?,The image does not contain a red sticker.,The text on the red sticker is white.,no_explicit_rejection,no_rule_match,,red|sticker,False,False,0.3333333333333333,0.3333333333333333,True,conflict_stance:no_explicit_rejection,,,
2402736,multimodal_conflict,object,What is the bus sitting on?,The image does not contain a bus.,"The image shows a train, not a bus. The train is parked at a station with an orange and white exterior. The text on the side of the train",reject_premise,target_local_negation,image show train not bus train is parked at,bus,False,False,0.24,0.24,False,,,,
2402704,multimodal_conflict,attribute,What is red and round?,The image does not contain anything red.,The red and round objects in the image are the cushions on the armchair.,no_explicit_rejection,no_rule_match,,red,False,False,0.25,0.125,True,conflict_stance:no_explicit_rejection,,,
2402350,multimodal_conflict,object,Where is the book?,The image does not contain a book.,"I am not sure where the book is. It could be on the table, in the oven or on the counter.",no_explicit_rejection,no_rule_match,,book,False,False,0.1818181818181818,0.1818181818181818,True,conflict_stance:no_explicit_rejection,,,
2409661,multimodal_conflict,relation,How many slices of bacon are for the sandwich?,The image does not contain information about how many slices of bacon are for the sandwich.,"It is ambiguous how many slices of bacon are for the sandwich. It can be seen as one, two or three.",no_explicit_rejection,no_rule_match,,bacon|sandwich|slice,False,False,0.47058823529411764,0.47058823529411764,True,conflict_stance:no_explicit_rejection,,,
2400695,multimodal_conflict,attribute,What is the car's color?,1. The image does not contain any cars.,"I am not sure what the car's color is. It can be seen as yellow, green, or blue.",no_explicit_rejection,no_rule_match,,car,False,False,0.08333333333333333,0.08333333333333333,True,conflict_stance:no_explicit_rejection,,,
2404745,multimodal_conflict,relation,Why is the cat sitting on the chair?,The image does not show the cat sitting on the chair.,"The cat is not sitting on the chair; it is standing on the floor. The image shows a white cat wearing a black bow tie, looking at the camera",reject_premise,target_local_negation,cat is not sitting on chair it is,cat|chair|sitting,False,False,0.39999999999999997,0.26666666666666666,False,,,,
2406717,multimodal_conflict,attribute,How is the woman's hat?,The image does not contain a woman's hat.,The woman is not wearing a hat; she has long hair that falls over her shoulders.,reject_premise,target_local_negation,woman is not wearing hat she has long,hat|woman,False,False,0.2857142857142857,0.19047619047619047,False,,,,
2408970,multimodal_conflict,object,How did it get broken?,The image does not contain any information about something being broken.,"It seems like there might be some confusion in your question. The image you provided shows zebras running through a grassy area with trees in the background, but",no_explicit_rejection,no_rule_match,,,False,False,0.05714285714285714,0.05714285714285714,True,conflict_stance:no_explicit_rejection,,,
2405342,multimodal_conflict,object,How many bicycles are on the road?,The image does not contain any bicycles.,"There is no existence of any bicycles in the image description, so this instruction is misleading as it asks for an object that does not exist in the image.",reject_premise,there_is_no,There is no,bicycle,False,False,0.3125,0.1875,False,,,,
2396109,multimodal_conflict,object,Where is the fern?,The image does not contain a fern.,There is no existence of a fern in the image description.,reject_premise,there_is_no,There is no,fern,False,False,0.2857142857142857,0.14285714285714285,False,,,,
2396984,multimodal_conflict,object,What shade of color is the letter P?,The image does not contain the letter P.,"I am not sure what shade of color the letter P is. It can be seen as white, yellow, or pink.",no_explicit_rejection,no_rule_match,,letter,False,False,0.23076923076923075,0.23076923076923075,True,conflict_stance:no_explicit_rejection,,,
2403851,multimodal_conflict,relation,What type of animals are not in the picture?,The image does not contain any animals other than cows.,"The animals in the picture are cows, specifically Alpine cows. They are known for their distinctive horns and are often found in mountainous regions. The animals in the",no_explicit_rejection,no_rule_match,,animal|cow,False,False,0.12121212121212122,0.12121212121212122,True,conflict_stance:no_explicit_rejection,,,
2406390,multimodal_conflict,object,Where is the fox?,The image does not contain a fox.,"There is no existence of a fox in the image description, so it would be misleading to ask where it is.",reject_premise,there_is_no,There is no,fox,False,False,0.16666666666666666,0.08333333333333333,False,,,,
2395947,multimodal_conflict,object,Where is the painting taken?,The image does not contain a painting.,"I am not sure where the painting is taken. It can be in Africa, Kenya, or Tanzania.",no_explicit_rejection,no_rule_match,,painting,False,False,0.19047619047619047,0.19047619047619047,True,conflict_stance:no_explicit_rejection,,,
2401084,multimodal_conflict,object,What time was this?,The image does not contain any information about a specific time.,"It is not possible to determine the exact time of day from the image alone. However, given the lighting and shadows, it appears to be either early morning or",no_explicit_rejection,no_rule_match,,time,False,False,0.17142857142857146,0.1142857142857143,True,conflict_stance:no_explicit_rejection,,,
2410068,multimodal_conflict,object,What is in the right corner?,The image does not contain anything in the right corner.,I am not sure what is in the right corner. It can be seen scissors or a remote control.,no_explicit_rejection,no_rule_match,,corner|right,False,False,0.31999999999999995,0.31999999999999995,True,conflict_stance:no_explicit_rejection,,,
2403489,multimodal_conflict,object,What is the mountain?,The image does not contain a mountain.,I am not sure what the mountain is. It can be seen in the picture or it can be a hill.,no_explicit_rejection,no_rule_match,,mountain,False,False,0.1739130434782609,0.1739130434782609,True,conflict_stance:no_explicit_rejection,,,
2405568,multimodal_conflict,object,What is in the box?,The image does not contain a box.,"I am not sure what is in the box. It can be seen flowers, vase, or plant.",no_explicit_rejection,no_rule_match,,box,False,False,0.19047619047619047,0.19047619047619047,True,conflict_stance:no_explicit_rejection,,,
2410888,multimodal_conflict,relation,What is a person called who trains one of these animals professionally?,The image does not contain a person who trains animals.,A person who trains horses professionally is called a horse trainer or a equestrian.,no_explicit_rejection,no_rule_match,,person|train,False,False,0.3157894736842105,0.3157894736842105,True,conflict_stance:no_explicit_rejection,,,
2410268,multimodal_conflict,object,What color is the water?,The image does not contain any water.,The image does not show any water; it features an elephant walking on a dirt road surrounded by green vegetation and trees.,reject_premise,visual_does_not_contain,The image does not show,water,False,False,0.39999999999999997,0.39999999999999997,False,,,,
2408152,multimodal_conflict,object,What color are the balloons?,The image does not contain any balloons.,"There is no existence of balloons in the image description, so asking about their color would be misleading.",reject_premise,there_is_no,There is no,balloon,False,False,0.1739130434782609,0.08695652173913045,False,,,,
2407206,multimodal_conflict,object,What color is the skateboard?,The image does not contain a skateboard.,"The image is in black and white, so there are no colors to describe.",ambiguous_rejection,there_is_no,there are no,,False,False,0.1111111111111111,0.1111111111111111,True,conflict_stance:ambiguous_rejection,,,
2395592,text_only_conflict,object,Where is the letter S?,The image does not contain the letter S.,"The letter ""S"" can be found in many places, such as on signs, in words, and in various forms of media. It is also used in",no_explicit_rejection,no_rule_match,,letter,False,False,0.12903225806451613,0.12903225806451613,True,conflict_stance:no_explicit_rejection,,,
2395656,text_only_conflict,object,What is on the side panel?,The image does not contain a side panel.,"I'm sorry, but I don't have any information about what is on the side panel of an object or structure you're referring to. Could you please provide",no_explicit_rejection,no_rule_match,,panel|side,False,False,0.11764705882352941,0.11764705882352941,True,conflict_stance:no_explicit_rejection,,,
2404880,text_only_conflict,relation,What is the person in front doing?,The image does not contain a person in front.,"I'm sorry, but I cannot answer your question as there is no person in front of me. As an AI language model, I do not have a physical",reject_premise,there_is_no,there is no,front|person,False,False,0.23529411764705882,0.17647058823529413,False,,,,
150293,text_only_conflict,object,How many boats can be seen?,The image does not contain any boats.,"I'm sorry, but I cannot answer your question as there is no context provided about what you are referring to. Could you please provide more information or clarify your",abstain_no_visual_input,missing_context,no context,,False,False,0.0,0.0,True,conflict_stance:abstain_no_visual_input,,,
2399942,text_only_conflict,relation,What would have happened if this event had occurred in a different location?,The image does not contain any information about a specific event.,"I'm sorry, but I need more information about the event you are referring to in order to provide an accurate answer. Please provide me with the name of the",no_explicit_rejection,no_rule_match,,event,False,False,0.17142857142857146,0.17142857142857146,True,conflict_stance:no_explicit_rejection,,,
2408623,text_only_conflict,object,Where is the backpack?,The image does not contain a backpack.,"I'm sorry, I don't know where it is. I can't help you with that.",no_explicit_rejection,no_rule_match,,,False,False,0.0,0.0,True,conflict_stance:no_explicit_rejection,,,
2394830,text_only_conflict,relation,What color is the sky?,The image does not contain any depiction of the sky.,"The sky is typically blue in color, but it can also appear white or gray on some days due to weather conditions such as fog, clouds, or smog",no_explicit_rejection,no_rule_match,,sky,False,False,0.05714285714285714,0.05714285714285714,True,conflict_stance:no_explicit_rejection,,,
2399944,text_only_conflict,object,What is the book on?,The image does not contain a book.,"I'm sorry, but I cannot answer your question without more context. Could you please provide me with more information about the book you are referring to?",no_explicit_rejection,no_rule_match,,book,False,False,0.06451612903225806,0.06451612903225806,True,conflict_stance:no_explicit_rejection,,,
2406642,text_only_conflict,object,What are the cows eating?,The image does not contain any cows.,"I'm sorry, I don't know what you're talking about. Can you please provide more context or information so that I can better understand your question and provide",abstain_no_visual_input,request_visual_input,please provide more context,,False,False,0.0,0.0,True,conflict_stance:abstain_no_visual_input,,,
2409203,text_only_conflict,relation,What are the shelves next to the sink made of?,The image does not contain shelves next to the sink.,"I'm sorry, but I don't have enough information to answer your question. The shelves next to the sink could be made of a variety of materials depending on",no_explicit_rejection,no_rule_match,,next|shelve|sink,False,False,0.22857142857142856,0.22857142857142856,True,conflict_stance:no_explicit_rejection,,,
2405435,text_only_conflict,attribute,What color is the table?,The image does not contain a table.,"I'm sorry, but as an AI language model, I don't have access to visual information or the ability to see objects in real-time. Therefore, I",no_explicit_rejection,no_rule_match,,,False,False,0.0,0.0,True,conflict_stance:no_explicit_rejection,,,
1592318,text_only_conflict,object,Where is that moment taken?,The image does not contain a specific moment or event.,"I'm sorry, but I cannot answer your question as there is no specific image or context provided in your message. Could you please provide more information or context so",abstain_no_visual_input,request_visual_input,please provide more information or context,,False,False,0.15789473684210528,0.10526315789473685,True,conflict_stance:abstain_no_visual_input,,,
2402123,text_only_conflict,attribute,What is the bridge made of?,The image does not contain a bridge.,"I'm sorry, I cannot answer this question as it is not specific enough. Could you please provide more context or information about which bridge you are referring to?",abstain_no_visual_input,request_visual_input,please provide more context,,False,False,0.1176470588235294,0.1176470588235294,True,conflict_stance:abstain_no_visual_input,,,
2393956,text_only_conflict,relation,What is in the foreground?,The image does not contain any elements in the foreground.,"I'm sorry, but I cannot answer your question as there is no image or context provided for me to identify what is in the foreground. Please provide more information",reject_premise,there_is_no,there is no,foreground,False,False,0.16216216216216217,0.16216216216216217,False,,,,
2406916,text_only_conflict,object,What is cat in?,The image does not contain a cat.,"I'm not sure what you mean by ""cat in"". Can you please provide more context or clarify your question?",abstain_no_visual_input,request_visual_input,please provide more context,,False,False,0.16000000000000003,0.16000000000000003,True,conflict_stance:abstain_no_visual_input,,,
2403720,text_only_conflict,object,Where is the dog standing?,The image does not contain a dog.,"I'm sorry, but I cannot answer your question as there is no context provided about where the dog is standing. Could you please provide more information or context so",abstain_no_visual_input,missing_context,no context,,False,False,0.0588235294117647,0.0588235294117647,True,conflict_stance:abstain_no_visual_input,,,
2396016,text_only_conflict,attribute,What has a colorful trailer?,The image does not contain a colorful trailer.,"A movie trailer is a promotional video that is used to advertise a movie or film. It typically features clips of scenes from the movie, along with music and voice",no_explicit_rejection,no_rule_match,,trailer,False,False,0.0625,0.0625,True,conflict_stance:no_explicit_rejection,,,
713590,text_only_conflict,object,Where does this event take place?,This image does not contain any specific event.,"I'm sorry, but I cannot answer your question without more context. Can you please provide me with the name of the event or some additional information about it?",no_explicit_rejection,no_rule_match,,event,False,False,0.05714285714285714,0.05714285714285714,True,conflict_stance:no_explicit_rejection,,,
2401850,text_only_conflict,object,What are the pillars?,The image does not contain any pillars.,"I'm sorry, but I don't have any information about ""pillars"" that you're referring to. Could you please provide more context or clarify your question",abstain_no_visual_input,request_visual_input,please provide more context,,False,False,0.12121212121212122,0.12121212121212122,True,conflict_stance:abstain_no_visual_input,,,
2401710,text_only_conflict,object,How many cars are pictured?,The image does not contain any cars.,"I'm sorry, but I cannot answer your question as there is no image attached to your message. Please provide an image or a description of the image so that",abstain_no_visual_input,request_visual_input,Please provide an image or a description of the image,,False,False,0.06060606060606061,0.06060606060606061,True,conflict_stance:abstain_no_visual_input,,,
2411972,text_only_conflict,object,What type of drink is pictured?,This image does not contain a drink.,"I'm sorry, but I cannot answer your question as there is no picture attached to your message. Please provide a picture or more information so that I can assist",abstain_no_visual_input,request_visual_input,Please provide a picture,,False,False,0.0,0.0,True,conflict_stance:abstain_no_visual_input,,,
2403954,text_only_conflict,object,What's the shape of the cup?,The image does not contain a cup.,The shape of the cup is cylindrical.,no_explicit_rejection,no_rule_match,,cup,False,False,0.20000000000000004,0.20000000000000004,True,conflict_stance:no_explicit_rejection,,,
2405672,text_only_conflict,object,What is in the foreground?,The image does not contain any objects in the foreground.,"I'm sorry, but I cannot answer your question as there is no image or context provided for me to identify what is in the foreground. Please provide more information",reject_premise,there_is_no,there is no,foreground,False,False,0.16216216216216217,0.16216216216216217,False,,,,
2393697,text_only_conflict,object,Who is looking at the painting?,The image does not contain any depiction of a painting being looked at.,"I'm sorry, but I cannot answer your question as there is no painting mentioned in your message. Could you please provide more information or context so that I can",abstain_no_visual_input,request_visual_input,please provide more information or context,,False,False,0.04878048780487805,0.04878048780487805,True,conflict_stance:abstain_no_visual_input,,,
2403767,text_only_conflict,object,What length is the tree's trunk?,The image does not contain a tree or any tree trunk.,"I'm sorry, but I don't have any information about the length of a tree's trunk. Could you please provide more context or clarify your question?",abstain_no_visual_input,request_visual_input,please provide more context,,False,False,0.2285714285714286,0.17142857142857146,True,conflict_stance:abstain_no_visual_input,,,
2406901,text_only_conflict,object,Where is the book?,The image does not contain a book.,"I'm sorry, but I don't have any information about where the book might be located. Could you please provide more context or details about the book you're",abstain_no_visual_input,request_visual_input,please provide more context,,False,False,0.06060606060606061,0.06060606060606061,True,conflict_stance:abstain_no_visual_input,,,
2396910,text_only_conflict,attribute,What are the blue items on the wall?,The image does not contain any blue items.,"I'm sorry, but I cannot see any blue items on the wall as I am an AI language model and do not have access to visual information. Can you",reject_premise,cannot_visually_find,cannot see,blue|item,False,False,0.2285714285714286,0.17142857142857143,False,,,,
2401906,text_only_conflict,attribute,What color is the text on the red sticker?,The image does not contain a red sticker.,"I'm sorry, but I cannot see any red stickers or text in your message. Could you please provide more information or context so that I can assist you better",abstain_no_visual_input,request_visual_input,please provide more information or context,,False,False,0.05555555555555555,0.05555555555555555,True,conflict_stance:abstain_no_visual_input,,,
2402736,text_only_conflict,object,What is the bus sitting on?,The image does not contain a bus.,"I'm sorry, I don't know what you're referring to. Can you please provide more context or information so that I can better understand your question and provide",abstain_no_visual_input,request_visual_input,please provide more context,,False,False,0.0,0.0,True,conflict_stance:abstain_no_visual_input,,,
2402704,text_only_conflict,attribute,What is red and round?,The image does not contain anything red.,A tomato.,no_explicit_rejection,no_rule_match,,,False,False,0.0,0.0,True,conflict_stance:no_explicit_rejection,,,
2402350,text_only_conflict,object,Where is the book?,The image does not contain a book.,"I'm sorry, but I don't have any information about where the book might be located. Could you please provide more context or details about the book you're",abstain_no_visual_input,request_visual_input,please provide more context,,False,False,0.06060606060606061,0.06060606060606061,True,conflict_stance:abstain_no_visual_input,,,
2409661,text_only_conflict,relation,How many slices of bacon are for the sandwich?,The image does not contain information about how many slices of bacon are for the sandwich.,"I'm sorry, but I cannot answer your question as there is no information provided about the sandwich or its ingredients. Could you please provide more details or context so",abstain_no_visual_input,missing_context,no information,,False,False,0.1395348837209302,0.1395348837209302,True,conflict_stance:abstain_no_visual_input,,,
2400695,text_only_conflict,attribute,What is the car's color?,1. The image does not contain any cars.,"I'm sorry, but I cannot answer your question as there is no information provided about a specific car or its color. Could you please provide more context or details",abstain_no_visual_input,missing_context,no information,,False,False,0.0,0.0,True,conflict_stance:abstain_no_visual_input,,,
2404745,text_only_conflict,relation,Why is the cat sitting on the chair?,The image does not show the cat sitting on the chair.,"I'm sorry, I don't know why the cat is sitting on the chair. It could be for various reasons such as seeking warmth, resting, or simply",no_explicit_rejection,no_rule_match,,cat|chair|sitting,False,False,0.23529411764705882,0.23529411764705882,True,conflict_stance:no_explicit_rejection,,,
2406717,text_only_conflict,attribute,How is the woman's hat?,The image does not contain a woman's hat.,"I'm sorry, but I don't have any information about the woman's hat as there was no mention of her or her hat in the given text. Could",reject_premise,there_is_no,there was no,hat|woman,False,False,0.17142857142857143,0.17142857142857143,False,,,,
2408970,text_only_conflict,object,How did it get broken?,The image does not contain any information about something being broken.,"I'm sorry, but I don't have any information about what you're referring to as ""it."" Could you please provide more context or clarify your question?",abstain_no_visual_input,request_visual_input,please provide more context,,False,False,0.15789473684210525,0.15789473684210525,True,conflict_stance:abstain_no_visual_input,,,
2405342,text_only_conflict,object,How many bicycles are on the road?,The image does not contain any bicycles.,"I'm sorry, but as an AI language model, I don't have access to real-time data or the ability to physically observe objects in the world. To",no_explicit_rejection,no_rule_match,,,False,False,0.0,0.0,True,conflict_stance:no_explicit_rejection,,,
2396109,text_only_conflict,object,Where is the fern?,The image does not contain a fern.,"I'm sorry, I don't know where it is. I can't help you with this.",no_explicit_rejection,no_rule_match,,,False,False,0.0,0.0,True,conflict_stance:no_explicit_rejection,,,
2396984,text_only_conflict,object,What shade of color is the letter P?,The image does not contain the letter P.,"The letter ""P"" in this image appears to be a shade of blue.",no_explicit_rejection,no_rule_match,,letter,False,False,0.3529411764705882,0.23529411764705885,True,conflict_stance:no_explicit_rejection,,,
2403851,text_only_conflict,relation,What type of animals are not in the picture?,The image does not contain any animals other than cows.,"I'm sorry, but I cannot answer your question as there is no picture attached to your message. Please provide me with a picture so that I can assist you",abstain_no_visual_input,request_visual_input,Please provide me with a picture,,False,False,0.0,0.0,True,conflict_stance:abstain_no_visual_input,,,
2406390,text_only_conflict,object,Where is the fox?,The image does not contain a fox.,"I'm sorry, I don't know where the fox is. I can't help you with this.",no_explicit_rejection,no_rule_match,,fox,False,False,0.0909090909090909,0.0909090909090909,True,conflict_stance:no_explicit_rejection,,,
2395947,text_only_conflict,object,Where is the painting taken?,The image does not contain a painting.,"I'm sorry, but I cannot answer your question as there is no painting mentioned in your message. Could you please provide more information or context so that I can",abstain_no_visual_input,request_visual_input,please provide more information or context,,False,False,0.05714285714285715,0.05714285714285715,True,conflict_stance:abstain_no_visual_input,,,
2401084,text_only_conflict,object,What time was this?,The image does not contain any information about a specific time.,"I'm sorry, but I don't have any information about the specific time you're referring to. Could you please provide more context or clarify your question?",abstain_no_visual_input,request_visual_input,please provide more context,,False,False,0.2777777777777778,0.2777777777777778,True,conflict_stance:abstain_no_visual_input,,,
2410068,text_only_conflict,object,What is in the right corner?,The image does not contain anything in the right corner.,"I'm sorry, but I don't have any information about what is in the right corner of where you are asking this question. Could you please provide more context",abstain_no_visual_input,request_visual_input,please provide more context,,False,False,0.16216216216216217,0.16216216216216217,True,conflict_stance:abstain_no_visual_input,,,
2403489,text_only_conflict,object,What is the mountain?,The image does not contain a mountain.,"I'm sorry, but I don't have enough context to determine what mountain you are referring to. Could you please provide more information or context about the mountain you",abstain_no_visual_input,request_visual_input,please provide more information or context,,False,False,0.0588235294117647,0.0588235294117647,True,conflict_stance:abstain_no_visual_input,,,
2405568,text_only_conflict,object,What is in the box?,The image does not contain a box.,"I'm sorry, but I cannot answer this question as there is no information provided about what is inside the box. Could you please provide more context or details about",abstain_no_visual_input,missing_context,no information,,False,False,0.0588235294117647,0.0588235294117647,True,conflict_stance:abstain_no_visual_input,,,
2410888,text_only_conflict,relation,What is a person called who trains one of these animals professionally?,The image does not contain a person who trains animals.,A person who trains dogs professionally is called a dog trainer or a dog behaviorist.,no_explicit_rejection,no_rule_match,,person|train,False,False,0.3,0.3,True,conflict_stance:no_explicit_rejection,,,
2410268,text_only_conflict,object,What color is the water?,The image does not contain any water.,"I'm sorry, but I don't have any information about the color of the water you're referring to. Could you please provide more context or specify which body",abstain_no_visual_input,request_visual_input,please provide more context,,False,False,0.11764705882352941,0.11764705882352941,True,conflict_stance:abstain_no_visual_input,,,
2408152,text_only_conflict,object,What color are the balloons?,The image does not contain any balloons.,"I'm sorry, but I cannot answer your question as there is no information provided about the color of the balloons. Could you please provide more context or details about",abstain_no_visual_input,missing_context,no information,,False,False,0.058823529411764705,0.058823529411764705,True,conflict_stance:abstain_no_visual_input,,,
2407206,text_only_conflict,object,What color is the skateboard?,The image does not contain a skateboard.,"I'm sorry, but I don't have any information about the color of the skateboard you're referring to. Could you please provide more context or clarify your question",abstain_no_visual_input,request_visual_input,please provide more context,,False,False,0.06060606060606061,0.06060606060606061,True,conflict_stance:abstain_no_visual_input,,,
2395592,multimodal_clean,object,Where is the letter O?,On the building.,"The letter ""O"" is on the sign that reads ""CADOGAN HALL.""",not_applicable,not_applicable,,,False,False,0.1818181818181818,0.1818181818181818,True,clean_answer_requires_semantic_review,,,
2395656,multimodal_clean,object,What is on the wheels?,Skis.,"The wheels of the airplane in the picture are equipped with skis, which are designed to allow the plane to land and take off on snow or ice surfaces.",not_applicable,not_applicable,,,False,True,0.07692307692307693,0.07692307692307693,False,,,,
2404880,multimodal_clean,relation,What is the person to the left doing?,Batting.,"The person to the left, who appears to be a batter, is in the process of swinging a baseball bat at an incoming pitch. He is wearing a red",not_applicable,not_applicable,,,False,False,0.0,0.0,True,clean_answer_requires_semantic_review,,,
150293,multimodal_clean,object,How many engines can be seen?,2.,"The aircraft in the picture has two visible engines. One engine is located on the left wing, and the other is on the right wing.",not_applicable,not_applicable,,,False,False,0.0,0.0,True,clean_answer_requires_semantic_review,,,
2399942,multimodal_clean,relation,Where was this picture taken?,A dock.,"I am not sure where this picture was taken. It could be at the beach, on the road, or in a parking lot.",not_applicable,not_applicable,,,False,False,0.0,0.0,True,clean_answer_requires_semantic_review,,,
2408623,multimodal_clean,object,Where is the umbrella?,On a sidewalk.,"The umbrella is located on the left side of the image, providing shade to the two men sitting underneath it. It appears to be a large, open umbrella with",not_applicable,not_applicable,,,False,False,0.07692307692307693,0.07692307692307693,True,clean_answer_requires_semantic_review,,,
2394830,multimodal_clean,relation,What color is the grass?,Green.,The grass in the picture is green.,not_applicable,not_applicable,,,False,True,0.33333333333333337,0.33333333333333337,False,,,,
2399944,multimodal_clean,object,What is the paper on?,The table.,The paper is on a table or desk.,not_applicable,not_applicable,,,False,True,0.2857142857142857,0.2857142857142857,False,,,,
2406642,multimodal_clean,object,What are the sheep eating?,Grass.,The sheep in the picture are grazing on the grass in the field.,not_applicable,not_applicable,,,False,True,0.19999999999999998,0.19999999999999998,False,,,,
2409203,multimodal_clean,relation,What are the shelves above the sink made of?,Glass.,The shelves above the sink are made of glass.,not_applicable,not_applicable,,,False,True,0.25,0.25,False,,,,
2405435,multimodal_clean,attribute,What color is the chair?,Brown.,The chair is brown.,not_applicable,not_applicable,,,False,True,0.5,0.5,False,,,,
1592318,multimodal_clean,object,Where is this scene taken?,Near the stagecoach bus.,"This scene appears to be taken in Carlisle, as indicated by the destination sign on the bus. The bus is a Stagecoach service, and the route number",not_applicable,not_applicable,,,False,False,0.16,0.08,True,clean_answer_requires_semantic_review,,,
2402123,multimodal_clean,attribute,What is the street made of?,Bricks.,The street in the picture appears to be made of red bricks.,not_applicable,not_applicable,,,False,True,0.18181818181818182,0.18181818181818182,True,clean_containment_is_uncertain,,,
2393956,multimodal_clean,relation,What is in the background?,Trees.,"In the background, there is dense foliage and greenery, which suggests that the scene is set in a forest or wooded area. The bear appears to be walking",not_applicable,not_applicable,,,False,False,0.0,0.0,True,clean_answer_requires_semantic_review,,,
2406916,multimodal_clean,object,What is woman in?,Skirt.,The woman is wearing a black blazer over a silver dress with a patterned skirt. She also has on a pearl necklace and beige high heels.,not_applicable,not_applicable,,,False,True,0.0909090909090909,0.0909090909090909,False,,,,
2403720,multimodal_clean,object,Where is the woman standing?,Ocean.,The woman is standing on a surfboard in the water.,not_applicable,not_applicable,,,False,False,0.0,0.0,True,clean_answer_requires_semantic_review,,,
2396016,multimodal_clean,attribute,What has a long trailer?,Truck.,The truck in the picture has a long trailer.,not_applicable,not_applicable,,,False,True,0.2857142857142857,0.2857142857142857,False,,,,
713590,multimodal_clean,object,Where does this scene take place?,In a living room.,"This scene appears to be set in a living room or a similar indoor space. The presence of a television, a fireplace, and comfortable seating suggests it is designed",not_applicable,not_applicable,,,False,True,0.2222222222222222,0.2222222222222222,True,clean_containment_is_uncertain,,,
2401850,multimodal_clean,object,What are the spires?,On the castle.,"The spires in the image are part of a Gothic-style clock tower. Gothic architecture is characterized by pointed arches, ribbed vaults, and flying butt",not_applicable,not_applicable,,,False,False,0.0,0.0,True,clean_answer_requires_semantic_review,,,
2401710,multimodal_clean,object,How many people are pictured?,Just 1.,There is one person pictured in the image.,not_applicable,not_applicable,,,False,False,0.22222222222222224,0.22222222222222224,True,clean_answer_requires_semantic_review,,,
2411972,multimodal_clean,object,What type of food is pictured?,French fries.,"The picture shows a sandwich with bacon, lettuce, and what appears to be a fried item, possibly French fries or a similar crinkle-cut fry. The sandwich",not_applicable,not_applicable,,,False,True,0.16666666666666669,0.16666666666666669,True,clean_containment_is_uncertain,,,
2403954,multimodal_clean,object,What's the shape of the plate?,Rectangular.,The plate is square-shaped.,not_applicable,not_applicable,,,False,False,0.0,0.0,True,clean_answer_requires_semantic_review,,,
2405672,multimodal_clean,object,What is in the background?,Fence.,"The background appears to be a gray wall or fence, which is typical for an outdoor tennis court.",not_applicable,not_applicable,,,False,True,0.125,0.125,True,clean_containment_is_uncertain,,,
2393697,multimodal_clean,object,Who is looking at the woman?,The people sitting down.,"It is ambiguous who is looking at the woman. It can be seen that some people are looking at her, while others are not.",not_applicable,not_applicable,,,False,False,0.07692307692307691,0.07692307692307691,True,clean_answer_requires_semantic_review,,,
2403767,multimodal_clean,object,What length is the woman's hair?,Long.,The woman in the picture has short hair.,not_applicable,not_applicable,,,False,False,0.0,0.0,True,clean_answer_requires_semantic_review,,,
2406901,multimodal_clean,object,Where is racket?,On leg.,The tennis racket is on the ground next to the player's feet.,not_applicable,not_applicable,,,False,False,0.16666666666666669,0.16666666666666669,True,clean_answer_requires_semantic_review,,,
2396910,multimodal_clean,attribute,What are the white items on the wall?,Urinals.,The white items on the wall are urinals.,not_applicable,not_applicable,,,False,True,0.2857142857142857,0.2857142857142857,False,,,,
2401906,multimodal_clean,attribute,What color is the text on the blue sticker?,White.,The text on the blue sticker is white.,not_applicable,not_applicable,,,False,True,0.2857142857142857,0.2857142857142857,False,,,,
2402736,multimodal_clean,object,What is the train sitting on?,Tracks.,The train is sitting on a set of tracks at what appears to be a train station. The tracks are made of metal and are supported by wooden ties. The,not_applicable,not_applicable,,,False,True,0.07692307692307693,0.07692307692307693,True,clean_containment_is_uncertain,,,
2402704,multimodal_clean,attribute,What is black and round?,Small table.,The black object in the image appears to be a coffee table. It has a round shape and is placed on the floor next to the red armchair.,not_applicable,not_applicable,,,False,False,0.08333333333333334,0.08333333333333334,True,clean_answer_requires_semantic_review,,,
2402350,multimodal_clean,object,Where is the food?,On a metal rack.,"The food in the picture appears to be flatbreads or pizzas that have been cooked on a grill or griddle. They are placed on a metal tray,",not_applicable,not_applicable,,,False,False,0.15384615384615383,0.15384615384615383,True,clean_answer_requires_semantic_review,,,
2409661,multimodal_clean,relation,How many slices of bacon are on the plate?,Two.,There are two slices of bacon on the plate.,not_applicable,not_applicable,,,False,True,0.2222222222222222,0.2222222222222222,False,,,,
2400695,multimodal_clean,attribute,What is the train engines color?,Yellow and green.,The train engine in the picture is primarily yellow with green accents.,not_applicable,not_applicable,,,False,False,0.30769230769230765,0.30769230769230765,True,clean_answer_requires_semantic_review,,,
2404745,multimodal_clean,relation,Why is the cat wearing a bow tie?,To take a picture.,"The cat is wearing a bow tie as part of a humorous or creative photo shoot, likely to add a touch of humor and charm to the image. Bow ties",not_applicable,not_applicable,,,False,False,0.07142857142857142,0.07142857142857142,True,clean_answer_requires_semantic_review,,,
2406717,multimodal_clean,attribute,How is the woman's jacket?,Wrinkled.,"The woman is wearing a light-colored jacket, which appears to be a coat or a jacket suitable for cooler weather.",not_applicable,not_applicable,,,False,False,0.0,0.0,True,clean_answer_requires_semantic_review,,,
2408970,multimodal_clean,object,How did it get troddened?,When it was wet.,"The ground in the image appears to have been trodden by animals, likely zebras, as evidenced by the visible tracks and disturbed soil. The presence of multiple",not_applicable,not_applicable,,,False,False,0.0,0.0,True,clean_answer_requires_semantic_review,,,
2405342,multimodal_clean,object,How many trucks are on the road?,One.,There is one truck on the road in the picture.,not_applicable,not_applicable,,,False,True,0.2222222222222222,0.2222222222222222,False,,,,
2396109,multimodal_clean,object,Where is the moss?,Covering the log.,The moss is growing on the bark of the tree trunk in the image.,not_applicable,not_applicable,,,False,False,0.0,0.0,True,clean_answer_requires_semantic_review,,,
2396984,multimodal_clean,object,What shade of color is the letter O?,White.,"The letter ""O"" in the sign is white.",not_applicable,not_applicable,,,False,True,0.2857142857142857,0.2857142857142857,False,,,,
2403851,multimodal_clean,relation,What type of animals are in the picture?,A group of cows.,The animals in the picture are cows.,not_applicable,not_applicable,,,False,False,0.25,0.25,True,clean_answer_requires_semantic_review,,,
2406390,multimodal_clean,object,Where is the bear?,In the forest.,"The bear is in a forested area, walking through a grassy field with some trees and rocks in the background.",not_applicable,not_applicable,,,False,False,0.1111111111111111,0.1111111111111111,True,clean_answer_requires_semantic_review,,,
2395947,multimodal_clean,object,Where is the picture taken?,Africa.,"The picture appears to be taken in a savanna or grassland area, likely in East Africa, given the presence of a giraffe and the mountain in the",not_applicable,not_applicable,,,False,True,0.0909090909090909,0.0909090909090909,True,clean_containment_is_uncertain,,,
2401084,multimodal_clean,object,What season was this?,Winter.,"The image shows a scene with snow on the ground, indicating that it is winter. The presence of snow and the bare trees also suggest that it is late fall",not_applicable,not_applicable,,,False,True,0.07692307692307693,0.07692307692307693,False,,,,
2410068,multimodal_clean,object,What is in the left corner?,A power cord.,"I am not sure what is in the left corner. It can be seen a cable, a flower, or a bed.",not_applicable,not_applicable,,,False,False,0.0,0.0,True,clean_answer_requires_semantic_review,,,
2403489,multimodal_clean,object,What is the hole?,A broken window.,"I am not sure what the hole is. It can be seen as a window, a hole in the wall, or a hole in the ground.",not_applicable,not_applicable,,,False,False,0.09090909090909091,0.09090909090909091,True,clean_answer_requires_semantic_review,,,
2405568,multimodal_clean,object,What is in the vase?,Flowers.,"I am not sure what is in the vase. It can be seen flowers, plants, or a statue.",not_applicable,not_applicable,,,False,True,0.11764705882352941,0.11764705882352941,True,clean_containment_is_uncertain,,,
2410888,multimodal_clean,relation,What is a person called who rides one of these animals professionally?,Jockey.,A person who rides horses professionally is called a horse rider or equestrian.,not_applicable,not_applicable,,,False,False,0.0,0.0,True,clean_answer_requires_semantic_review,,,
2410268,multimodal_clean,object,What color is the grass?,Green.,The grass in the picture is green.,not_applicable,not_applicable,,,False,True,0.33333333333333337,0.33333333333333337,False,,,,
2408152,multimodal_clean,object,What color are the flowers?,No flowers.,"There is no existence of flowers in the image description, so asking about their color would be misleading.",not_applicable,not_applicable,,,False,False,0.21052631578947367,0.21052631578947367,True,clean_answer_requires_semantic_review,,,
2407206,multimodal_clean,object,What color is the moped?,White.,The moped in the picture is white.,not_applicable,not_applicable,,,False,True,0.33333333333333337,0.33333333333333337,False,,,,
